经度,纬度
120.345048,31.602038
120.27175,31.470483
120.340177,31.595122
120.33215,31.534208
120.333963,31.578765
120.326585,31.551166
120.284939,31.920658
120.322387,31.597027
120.333963,31.578765
120.329949,31.5702
120.334881,31.536254
120.327594,31.580501
120.318692,31.560009
120.381499,31.486437
120.321854,31.662336
120.294634,31.491738
120.431201,31.541846
120.270889,31.596414
120.325666,31.581318
120.333963,31.578765
120.343591,31.599075
120.338545,31.59762
120.30476,31.540131
120.188614,31.710925
120.326025,31.491048
120.295776,31.549456
120.295776,31.549456
120.455002,31.584253
120.461571,31.590687
120.448831,31.593003
120.317306,31.662414
120.472583,31.599874
120.260985,31.468588
120.244055,31.897226
120.274398,31.562729
120.277808,31.563339
120.22176,31.54744
120.274398,31.562729
120.260926,31.549293
120.258597,31.558491
120.274398,31.562729
120.253601,31.535969
120.245845,31.553013
120.244055,31.897226
120.261236,31.545241
120.24747,31.563563
120.254062,31.550774
120.258597,31.558491
120.254062,31.550774
120.20267,31.540704
120.266332,31.53732
120.245845,31.553013
120.277808,31.563339
120.286373,31.557253
120.245845,31.553013
120.254062,31.550774
120.27175,31.470483
120.277808,31.563339
120.260926,31.549293
120.27251,31.551685
120.295044,31.566323
120.24747,31.563563
120.260926,31.549293
120.27032,31.48933
120.274398,31.562729
120.27175,31.470483
120.281121,31.524993
120.244055,31.897226
120.27175,31.470483
120.254062,31.550774
120.20267,31.540704
120.20267,31.540704
120.261458,31.561273
120.277808,31.563339
120.260926,31.549293
120.274398,31.562729
120.258597,31.558491
120.260926,31.549293
120.260572,31.534248
120.286373,31.557253
120.321788,31.660522
120.301471,31.555341
120.274398,31.562729
120.265151,31.56673
120.27032,31.48933
120.266468,31.548415
120.272558,31.52723
120.283228,31.556916
120.259233,31.562537
120.333064,31.58244
120.260926,31.549293
120.353964,31.595164
120.244055,31.897226
120.260926,31.549293
120.450227,31.599568
120.267524,31.525303
120.260901,31.597419
120.288588,31.594215
120.381101,31.549367
120.274398,31.562729
120.254062,31.550774
120.29855,31.603137
120.34326,31.580125
120.284455,31.622496
120.301471,31.555341
120.317426,31.66069
120.201006,31.548498
120.279427,31.535794
120.260926,31.549293
120.261458,31.561273
120.20267,31.540704
120.27175,31.470483
120.245845,31.553013
120.265151,31.56673
120.243345,31.546189
120.271465,31.56157
120.282662,31.604957
120.317426,31.66069
120.261236,31.545241
120.339481,31.56631
120.300618,31.585431
120.199727,31.544447
120.260926,31.549293
120.244055,31.897226
120.268074,31.559894
120.264664,31.556952
120.333064,31.58244
120.277808,31.563339
120.321788,31.660522
120.24747,31.563563
120.27175,31.470483
120.281951,31.489012
120.260572,31.534248
120.274398,31.562729
120.350243,31.539869
120.244055,31.897226
120.408153,31.582075
120.261158,31.564812
120.27175,31.470483
120.258597,31.558491
120.274398,31.562729
120.253601,31.535969
120.244055,31.897226
120.321788,31.660522
120.356961,31.578545
120.327957,31.593146
120.24747,31.563563
120.264664,31.556952
120.261158,31.564812
120.244055,31.897226
120.357858,31.589715
120.244055,31.897226
120.2539,31.55517
120.267524,31.525303
120.274398,31.562729
120.244055,31.897226
120.337883,31.60508
120.267524,31.525303
120.244055,31.897226
120.366808,31.607261
120.301471,31.555341
120.333064,31.58244
120.277808,31.563339
120.301471,31.555341
120.244055,31.897226
120.280809,31.535102
120.238067,31.551539
120.284155,31.592656
120.328245,31.552387
120.326914,31.502032
120.22176,31.54744
120.289055,31.525716
120.35232,31.546852
120.245845,31.553013
120.426945,31.54818
120.261458,31.561273
120.310943,31.601725
120.22176,31.54744
120.272169,31.532263
120.244055,31.897226
120.445458,31.551754
120.260572,31.534248
120.254062,31.550774
120.238067,31.551539
120.318459,31.537134
120.451537,31.55044
120.30163,31.58806
120.451537,31.55044
120.277808,31.563339
120.260926,31.549293
120.281735,31.487489
120.20267,31.540704
120.305801,31.63561
120.352778,31.550957
120.253601,31.535969
120.289055,31.525716
120.20267,31.540704
120.318459,31.537134
120.252771,31.55996
120.29855,31.603137
120.279222,31.633345
120.20267,31.540704
120.261458,31.561273
120.277808,31.563339
120.274398,31.562729
120.280809,31.535102
120.266468,31.548415
120.244055,31.897226
120.254062,31.550774
120.283228,31.556916
120.272558,31.52723
120.381101,31.549367
120.253601,31.535969
120.418957,31.545462
120.24747,31.563563
120.317426,31.66069
120.27032,31.48933
120.317426,31.66069
120.365446,31.596535
120.267145,31.538502
120.244055,31.897226
120.245845,31.553013
120.253601,31.535969
120.318743,31.605968
120.284455,31.622496
120.274398,31.562729
120.274398,31.562729
120.326585,31.551166
120.303825,31.572833
120.274398,31.562729
120.264664,31.556952
120.305941,31.556829
120.283228,31.556916
120.245845,31.553013
120.254062,31.550774
120.268074,31.559894
120.324617,31.679572
120.262363,31.565831
120.475191,31.598893
120.265151,31.56673
120.392241,31.506077
120.317426,31.66069
120.342187,31.551115
120.268074,31.559894
120.356961,31.578545
120.296591,31.575719
120.397189,31.581148
120.273662,31.547792
120.475191,31.598893
120.35232,31.546852
120.20267,31.540704
120.327594,31.580501
120.349197,31.573335
120.28926,31.581871
120.311465,31.595578
120.324617,31.679572
120.244055,31.897226
120.123863,31.461972
120.357858,31.589715
120.260926,31.549293
120.230364,31.547785
120.238067,31.551539
120.204521,31.610485
120.312519,31.520367
120.305965,31.643491
120.317426,31.66069
120.289055,31.525716
120.321853,31.662326
120.301471,31.555341
120.317426,31.66069
120.300618,31.585431
120.301471,31.555341
120.2539,31.55517
120.295548,31.584529
120.244055,31.897226
120.445458,31.551754
120.260572,31.534248
120.317426,31.66069
120.475191,31.598893
120.245845,31.553013
120.274398,31.562729
120.258597,31.558491
120.265151,31.56673
120.261458,31.561273
120.264664,31.556952
120.285876,31.560306
120.267524,31.525303
120.24747,31.563563
120.358052,31.563724
120.281121,31.524993
120.30457,31.4947
120.318743,31.605968
120.260926,31.549293
120.440058,31.55498
120.200636,31.543515
120.34326,31.580125
120.27865,31.490071
120.24747,31.563563
120.272558,31.52723
120.386231,31.526156
120.352778,31.550957
120.299808,31.603107
120.294457,31.602867
120.290315,31.604389
120.283228,31.556916
120.325666,31.581318
120.273662,31.547792
120.418957,31.545462
120.317426,31.66069
120.448467,31.595847
120.308347,31.555925
120.249457,31.549734
120.381101,31.549367
120.310875,31.663873
120.259505,31.599521
120.305533,31.646839
120.260926,31.549293
120.301771,31.603259
120.310875,31.663873
120.284455,31.622496
120.321853,31.662326
120.29531,31.676432
120.301742,31.593207
120.290315,31.604389
120.307308,31.569517
120.284791,31.570637
120.301471,31.555341
120.27251,31.551685
120.285876,31.560306
120.294737,31.591115
120.317426,31.66069
120.335795,31.601795
120.262363,31.565831
120.317074,31.546855
120.305533,31.646839
120.325303,31.576569
120.274398,31.562729
120.322946,31.579489
120.199727,31.544447
120.311917,31.555365
120.408153,31.582075
120.305099,31.489129
120.298511,31.59073
120.298511,31.59073
120.301742,31.593207
120.304405,31.570128
120.288254,31.598678
120.238067,31.551539
120.284452,31.645038
120.324617,31.679572
120.35232,31.546852
120.294576,31.617079
120.290315,31.604389
120.278878,31.626889
120.288588,31.594215
120.357582,31.569006
120.24747,31.563563
120.289508,31.569092
120.280906,31.597298
120.371634,31.565502
120.253601,31.535969
120.317426,31.66069
120.282662,31.604957
120.296421,31.5593
120.335782,31.566942
120.2539,31.55517
120.317426,31.66069
120.277249,31.606742
120.324617,31.679572
120.27175,31.470483
120.258597,31.558491
120.258597,31.558491
120.271465,31.56157
120.31409,31.595496
120.311465,31.595578
120.264668,31.590994
120.260572,31.534248
120.324806,31.593626
120.307524,31.575252
120.294576,31.617079
120.282662,31.604957
120.284455,31.622496
120.27723,31.601978
120.342321,31.559428
120.318459,31.537134
120.264668,31.590994
120.20267,31.540704
120.288254,31.598678
120.342321,31.559428
120.279427,31.535794
120.356849,31.571003
120.279693,31.6021
120.244055,31.897226
120.283228,31.556916
120.294594,31.599587
120.307875,31.575998
120.277249,31.606742
120.249457,31.549734
120.124604,31.486841
120.268831,31.598466
120.317426,31.66069
120.259505,31.599521
120.284355,31.63852
120.259233,31.562537
120.301471,31.555341
120.244055,31.897226
120.324617,31.679572
120.260572,31.534248
120.265151,31.56673
120.317426,31.66069
120.264668,31.590994
120.245575,31.542892
120.356961,31.578545
120.2539,31.55517
120.252106,31.611818
120.244055,31.897226
120.265151,31.56673
120.299808,31.603107
120.27251,31.551685
120.2985,31.681012
120.281735,31.487489
120.274398,31.562729
120.265912,31.540021
120.24747,31.563563
120.352778,31.550957
120.301471,31.555341
120.292336,31.67126
120.274398,31.562729
120.302974,31.486144
120.362761,31.58668
120.260926,31.549293
120.326086,31.551053
120.264664,31.556952
120.321788,31.660522
120.327441,31.545118
120.306163,31.520933
120.317426,31.66069
120.260926,31.549293
120.277808,31.563339
120.321788,31.660522
120.300618,31.585431
120.362493,31.472105
120.260926,31.549293
120.27865,31.490071
120.320187,31.596641
120.292749,31.552165
120.348942,31.55705
120.321853,31.662326
120.302988,31.526088
120.40519,31.568529
120.324617,31.679572
120.284087,31.597541
120.305099,31.489129
120.299894,31.544806
120.317426,31.66069
120.301471,31.555341
120.301471,31.555341
120.335314,31.573375
120.305801,31.63561
120.301742,31.593207
120.284001,31.49665
120.24747,31.563563
120.252106,31.611818
120.284355,31.63852
120.295776,31.549456
120.317426,31.66069
120.353627,31.537752
120.359421,31.584003
120.286664,31.576775
120.301471,31.555341
120.343591,31.599075
120.277249,31.606742
120.295044,31.566323
120.306581,31.600682
120.284355,31.63852
120.288254,31.598678
120.287473,31.574975
120.289397,31.562683
120.317426,31.66069
120.317426,31.66069
120.342321,31.559428
120.324617,31.679572
120.325666,31.581318
120.266219,31.552837
120.268831,31.598466
120.285136,31.627241
120.301471,31.555341
120.301471,31.555341
120.315432,31.571543
120.318459,31.537134
120.282662,31.604957
120.2985,31.681012
120.368944,31.577904
120.305099,31.489129
120.342249,31.605953
120.282662,31.604957
120.318459,31.537134
120.357582,31.569006
120.2539,31.55517
120.266219,31.552837
120.342321,31.559428
120.2985,31.681012
120.278878,31.626889
120.325666,31.581318
120.329949,31.5702
120.296268,31.580715
120.249473,31.554468
120.288588,31.594215
120.298511,31.59073
120.338545,31.59762
120.284355,31.63852
120.244055,31.897226
120.263783,31.609255
120.327998,31.661281
120.279693,31.6021
120.305295,31.591969
120.298331,31.572021
120.24747,31.563563
120.314151,31.5934
120.259505,31.599521
120.284355,31.63852
120.260926,31.549293
120.282662,31.604957
120.266468,31.548415
120.40519,31.568529
120.332544,31.579892
120.332544,31.579892
120.296598,31.58715
120.249473,31.554468
120.290399,31.674781
120.35232,31.546852
120.303825,31.572833
120.406904,31.574768
120.378062,31.574235
120.299808,31.603107
120.305099,31.489129
120.280956,31.637807
120.309498,31.640778
120.264664,31.556952
120.317426,31.66069
120.322946,31.579489
120.310389,31.571435
120.288588,31.594215
120.397189,31.581148
120.311715,31.577565
120.260926,31.549293
120.284791,31.570637
120.323869,31.595702
120.342249,31.605953
120.318459,31.537134
120.305295,31.591969
120.332544,31.579892
120.267705,31.597546
120.289055,31.525716
120.295044,31.566323
120.305295,31.591969
120.260926,31.549293
120.249473,31.554468
120.292749,31.552165
120.339481,31.56631
120.274398,31.562729
120.301575,31.562204
120.282662,31.604957
120.258597,31.558491
120.266219,31.552837
120.284455,31.622496
120.326652,31.584204
120.448467,31.595847
120.318306,31.56302
120.260926,31.549293
120.325666,31.581318
120.290399,31.674781
120.267524,31.525303
120.264668,31.590994
120.266468,31.548415
120.26904,31.557012
120.289034,31.607698
120.318306,31.56302
120.264664,31.556952
120.284452,31.645038
120.304739,31.595312
120.264664,31.556952
120.339481,31.56631
120.379463,31.544506
120.351665,31.553527
120.294594,31.599587
120.297588,31.588585
120.294594,31.599587
120.329949,31.5702
120.35232,31.546852
120.301471,31.555341
120.364354,31.588608
120.252254,31.601698
120.318459,31.537134
120.301471,31.555341
120.294576,31.617079
120.2539,31.55517
120.265151,31.56673
120.310955,31.580742
120.455002,31.584253
120.327823,31.484103
120.357582,31.569006
120.200173,31.546742
120.260572,31.534248
120.282662,31.604957
120.258597,31.558491
120.335795,31.601795
120.286373,31.557253
120.351665,31.553527
120.274398,31.562729
120.284355,31.63852
120.311465,31.595578
120.317426,31.66069
120.20267,31.540704
120.253601,31.535969
120.307308,31.569517
120.326189,31.483967
120.298511,31.59073
120.301471,31.555341
120.262363,31.565831
120.325666,31.581318
120.356849,31.571003
120.473454,31.593203
120.310875,31.663873
120.317426,31.66069
120.260926,31.549293
120.303348,31.561367
120.306581,31.600682
120.251402,31.557624
120.301471,31.555341
120.30476,31.540131
120.332544,31.579892
120.277808,31.563339
120.244055,31.897226
120.301471,31.555341
120.260926,31.549293
120.260901,31.597419
120.335795,31.601795
120.301471,31.555341
120.341672,31.591596
120.335795,31.601795
120.301742,31.593207
120.310389,31.571435
120.318306,31.56302
120.317426,31.66069
120.277249,31.606742
120.31395,31.527625
120.259505,31.599521
120.308825,31.570128
120.284355,31.63852
120.287473,31.574975
120.284455,31.622496
120.39402,31.586296
120.340177,31.595122
120.288254,31.598678
120.298511,31.59073
120.288254,31.598678
120.294457,31.602867
120.445458,31.551754
120.305295,31.591969
120.273662,31.547792
120.301471,31.555341
120.260926,31.549293
120.367661,31.559785
120.321788,31.660522
120.397189,31.581148
120.318459,31.537134
120.327078,31.589942
120.298511,31.59073
120.335795,31.601795
120.284355,31.63852
120.379463,31.544506
120.201006,31.548498
120.264664,31.556952
120.301471,31.555341
120.328245,31.552387
120.318936,31.589681
120.338545,31.59762
120.318479,31.582918
120.311229,31.566049
120.365446,31.596535
120.256796,31.56971
120.284155,31.592656
120.342249,31.605953
120.34326,31.580125
120.305801,31.63561
120.260926,31.549293
120.301471,31.555341
120.282662,31.604957
120.466485,31.595316
120.28797,31.640606
120.301471,31.555341
120.287639,31.636765
120.288254,31.598678
120.264664,31.556952
120.284455,31.622496
120.317426,31.66069
120.397189,31.581148
120.317426,31.66069
120.284455,31.622496
120.292008,31.491113
120.313228,31.643299
120.264668,31.590994
120.329949,31.5702
120.290315,31.604389
120.201006,31.548498
120.2985,31.681012
120.27175,31.470483
120.284355,31.63852
120.295044,31.566323
120.292249,31.573873
120.33206,31.594888
120.31569,31.602252
120.266332,31.53732
120.261236,31.545241
120.294668,31.60249
120.317426,31.66069
120.264668,31.590994
120.335795,31.601795
120.344572,31.532643
120.273808,31.586186
120.251402,31.557624
120.249473,31.554468
120.278878,31.626889
120.285136,31.627241
120.20267,31.540704
120.260572,31.534248
120.318306,31.56302
120.33206,31.594888
120.280956,31.637807
120.279693,31.6021
120.301471,31.555341
120.317426,31.66069
120.306581,31.600682
120.34326,31.580125
120.298511,31.59073
120.244055,31.897226
120.305533,31.646839
120.301471,31.555341
120.305533,31.646839
120.259505,31.599521
120.254062,31.550774
120.268151,31.603482
120.260926,31.549293
120.317426,31.66069
120.259505,31.599521
120.301471,31.555341
120.20267,31.540704
120.453557,31.582634
120.254062,31.550774
120.274398,31.562729
120.292249,31.573873
120.308347,31.555925
120.302219,31.487676
120.359521,31.618572
120.334737,31.4953
120.293306,31.585726
120.34326,31.580125
120.289397,31.562683
120.359421,31.584003
120.206233,31.54704
120.305965,31.643491
120.294373,31.583067
120.2985,31.681012
120.343591,31.599075
120.427795,31.550759
120.311465,31.595578
120.199727,31.544447
120.35232,31.546852
120.301318,31.58116
120.2985,31.681012
120.277249,31.606742
120.284452,31.645038
120.321788,31.660522
120.249473,31.554468
120.2539,31.55517
120.306679,31.598804
120.260572,31.534248
120.245845,31.553013
120.264664,31.556952
120.278878,31.626889
120.310943,31.601725
120.260901,31.597419
120.301471,31.555341
120.327594,31.580501
120.339481,31.56631
120.317426,31.66069
120.297291,31.547311
120.260926,31.549293
120.297291,31.547311
120.299559,31.673284
120.335795,31.601795
120.278878,31.626889
120.297668,31.586684
120.35232,31.546852
120.287473,31.574975
120.317426,31.66069
120.280956,31.637807
120.321853,31.662326
120.397189,31.581148
120.2985,31.681012
120.301471,31.555341
120.351665,31.553527
120.341672,31.591596
120.283228,31.556916
120.284355,31.63852
120.298511,31.59073
120.321788,31.660522
120.252106,31.611818
120.33215,31.534208
120.259505,31.599521
120.282662,31.604957
120.267524,31.525303
120.317426,31.66069
120.301471,31.555341
120.279427,31.535794
120.282662,31.604957
120.264668,31.590994
120.265151,31.56673
120.301471,31.555341
120.260572,31.534248
120.335795,31.601795
120.33215,31.534208
120.264668,31.590994
120.267705,31.597546
120.265151,31.56673
120.22176,31.54744
120.335795,31.601795
120.252106,31.611818
120.317426,31.66069
120.288588,31.594215
120.318459,31.537134
120.247075,31.560272
120.284087,31.597541
120.295714,31.578796
120.277808,31.563339
120.282662,31.604957
120.282662,31.604957
120.277249,31.606742
120.318459,31.537134
120.260926,31.549293
120.298511,31.59073
120.252771,31.55996
120.397189,31.581148
120.2934,31.587899
120.237678,31.562282
120.35232,31.546852
120.249473,31.554468
120.365446,31.596535
120.324806,31.593626
120.312745,31.544215
120.338876,31.587957
120.337883,31.60508
120.318459,31.537134
120.351665,31.553527
120.318459,31.537134
120.327078,31.589942
120.264668,31.590994
120.298084,31.581353
120.325303,31.576569
120.282662,31.604957
120.260926,31.549293
120.261158,31.564812
120.252254,31.601698
120.297668,31.586684
120.346114,31.559726
120.267705,31.597546
120.25723,31.567567
120.35232,31.546852
120.252106,31.611818
120.318459,31.537134
120.22176,31.54744
120.20267,31.540704
120.349197,31.573335
120.27723,31.601978
120.35232,31.546852
120.342249,31.605953
120.301471,31.555341
120.306581,31.600682
120.284155,31.592656
120.274398,31.562729
120.315432,31.571543
120.329949,31.5702
120.298638,31.62287
120.285136,31.627241
120.322946,31.579489
120.339481,31.56631
120.245845,31.553013
120.335795,31.601795
120.335795,31.601795
120.350585,31.571752
120.329949,31.5702
120.301742,31.593207
120.274398,31.562729
120.327998,31.661281
120.264668,31.590994
120.278878,31.626889
120.29855,31.603137
120.273662,31.547792
120.268831,31.598466
120.284087,31.597541
120.332705,31.587765
120.318306,31.56302
120.255565,31.611665
120.20267,31.540704
120.259505,31.599521
120.283228,31.556916
120.2539,31.55517
120.295548,31.584529
120.301471,31.555341
120.252764,31.596531
120.252106,31.611818
120.278878,31.626889
120.288588,31.594215
120.350585,31.571752
120.317426,31.66069
120.301471,31.555341
120.277808,31.563339
120.359807,31.54282
120.297588,31.588585
120.299006,31.635379
120.342321,31.559428
120.267145,31.538502
120.299573,31.598418
120.334924,31.566206
120.38853,31.53473
120.386231,31.526156
120.292749,31.552165
120.333064,31.58244
120.277808,31.563339
120.358052,31.563724
120.292918,31.601474
120.333064,31.58244
120.279427,31.535794
120.265151,31.56673
120.317426,31.66069
120.397189,31.581148
120.325303,31.576569
120.310389,31.571435
120.475191,31.598893
120.317426,31.66069
120.244055,31.897226
120.278878,31.626889
120.322946,31.579489
120.301471,31.555341
120.326189,31.483967
120.261458,31.561273
120.384627,31.571182
120.248855,31.554468
120.308347,31.555925
120.284155,31.592656
120.27032,31.48933
120.339481,31.56631
120.3505,31.586
120.27865,31.490071
120.318306,31.56302
120.259505,31.599521
120.335795,31.601795
120.324387,31.583608
120.343591,31.599075
120.20267,31.540704
120.358052,31.563724
120.314151,31.5934
120.261458,31.561273
120.305965,31.643491
120.305801,31.63561
120.356849,31.571003
120.305134,31.631473
120.305533,31.646839
120.260926,31.549293
120.297668,31.586684
120.301471,31.555341
120.310943,31.601725
120.321788,31.660522
120.325666,31.581318
120.261313,31.560324
120.321788,31.660522
120.260926,31.549293
120.307875,31.575998
120.267524,31.525303
120.245845,31.553013
120.318306,31.56302
120.301471,31.555341
120.252106,31.611818
120.267524,31.525303
120.260926,31.549293
120.301742,31.593207
120.265151,31.56673
120.249473,31.554468
120.295044,31.566323
120.295205,31.632425
120.287639,31.636765
120.305965,31.643491
120.272558,31.52723
120.318459,31.537134
120.317426,31.66069
120.301471,31.555341
120.289055,31.525716
120.332544,31.579892
120.29855,31.603137
120.301471,31.555341
120.33215,31.534208
120.274398,31.562729
120.33215,31.534208
120.309498,31.640778
120.332544,31.579892
120.284355,31.63852
120.280081,31.502778
120.300013,31.470062
120.284001,31.49665
120.279427,31.535794
120.317426,31.66069
120.259505,31.599521
120.303318,31.688701
120.318306,31.56302
120.266219,31.552837
120.288911,31.571934
120.368944,31.577904
120.332544,31.579892
120.346114,31.559726
120.301471,31.555341
120.268151,31.603482
120.252106,31.611818
120.2985,31.681012
120.282662,31.604957
120.281735,31.487489
120.317051,31.59182
120.310955,31.580742
120.311465,31.595578
120.264664,31.556952
120.332356,31.49356
120.318459,31.537134
120.288254,31.598678
120.402601,31.578288
120.285136,31.627241
120.317426,31.66069
120.317426,31.66069
120.26901,31.590901
120.263346,31.536743
120.284087,31.597541
120.295205,31.632425
120.350692,31.595368
120.347306,31.583221
120.358052,31.563724
120.310875,31.663873
120.281121,31.524993
120.252567,31.60652
120.244055,31.897226
120.311465,31.595578
120.301471,31.555341
120.260926,31.549293
120.295205,31.632425
120.317426,31.66069
120.365446,31.596535
120.342321,31.559428
120.472583,31.599874
120.327078,31.589942
120.368944,31.577904
120.288554,31.591016
120.304539,31.577806
120.300399,31.571634
120.24747,31.563563
120.307147,31.500461
120.350186,31.5511
120.299006,31.635379
120.284155,31.592656
120.333064,31.58244
120.277249,31.606742
120.252106,31.611818
120.285136,31.627241
120.284355,31.63852
120.310389,31.571435
120.305533,31.646839
120.298084,31.581353
120.327441,31.545118
120.29989,31.632434
120.317426,31.66069
120.327078,31.589942
120.20267,31.540704
120.26901,31.590901
120.332356,31.49356
120.284355,31.63852
120.280956,31.637807
120.284087,31.597541
120.2539,31.55517
120.325303,31.576569
120.301184,31.55887
120.244055,31.897226
120.268074,31.559894
120.2985,31.681012
120.28212,31.60261
120.245845,31.553013
120.273174,31.570663
120.244055,31.897226
120.311465,31.595578
120.288554,31.591016
120.326585,31.551166
120.327998,31.661281
120.277249,31.606742
120.338602,31.53201
120.302974,31.486144
120.266219,31.552837
120.301742,31.593207
120.260926,31.549293
120.364945,31.580448
120.266468,31.548415
120.347048,31.595159
120.332544,31.579892
120.305533,31.646839
120.26333,31.589546
120.299006,31.635379
120.347048,31.595159
120.287639,31.636765
120.328245,31.552387
120.27511,31.535467
120.345064,31.554592
120.301471,31.555341
120.261236,31.545241
120.297588,31.588585
120.294576,31.617079
120.357582,31.569006
120.262363,31.565831
120.24747,31.563563
120.288588,31.594215
120.290527,31.591571
120.254062,31.550774
120.243623,31.561563
120.284455,31.622496
120.346859,31.590543
120.317426,31.66069
120.305801,31.63561
120.27251,31.551685
120.318306,31.56302
120.301471,31.555341
120.379463,31.544506
120.294576,31.617079
120.310875,31.663873
120.258232,31.563413
120.252567,31.60652
120.335795,31.601795
120.244055,31.897226
120.338602,31.53201
120.362163,31.538718
120.346114,31.559726
120.261158,31.564812
120.475191,31.598893
120.28926,31.581871
120.255565,31.611665
120.297291,31.547311
120.298949,31.672021
120.352778,31.550957
120.283228,31.556916
120.267705,31.597546
120.303318,31.688701
120.260926,31.549293
120.29855,31.603137
120.301471,31.555341
120.294737,31.591115
120.318459,31.537134
120.420071,31.586896
120.284355,31.63852
120.369508,31.587532
120.27175,31.470483
120.317426,31.66069
120.305965,31.643491
120.284791,31.570637
120.312699,31.552469
120.252764,31.596531
120.301471,31.555341
120.301471,31.555341
120.284001,31.49665
120.261458,31.561273
120.190212,31.635125
120.264664,31.556952
120.283694,31.60101
120.261458,31.561273
120.284155,31.592656
120.33215,31.534208
120.296421,31.5593
120.329238,31.499101
120.285136,31.627241
120.324617,31.679572
120.230824,31.601463
120.301471,31.555341
120.290527,31.591571
120.317426,31.66069
120.260926,31.549293
120.304739,31.595312
120.245845,31.553013
120.39402,31.586296
120.285876,31.560306
120.281755,31.549303
120.199727,31.544447
120.260926,31.549293
120.273583,31.55522
120.321788,31.660522
120.260926,31.549293
120.301742,31.593207
120.34984,31.58276
120.254062,31.550774
120.284455,31.622496
120.258232,31.563413
120.315432,31.571543
120.260926,31.549293
120.285898,31.606253
120.312418,31.678029
120.329949,31.5702
120.244055,31.897226
120.305801,31.63561
120.301471,31.555341
120.305801,31.63561
120.245933,31.610226
120.297668,31.586684
120.318306,31.56302
120.284452,31.645038
120.244055,31.897226
120.305801,31.63561
120.25723,31.567567
120.297003,31.579915
120.281735,31.487489
120.317426,31.66069
120.2539,31.55517
120.252106,31.611818
120.282662,31.604957
120.279693,31.6021
120.448081,31.597984
120.22176,31.54744
120.239998,31.559859
120.254062,31.550774
120.34326,31.580125
120.338876,31.587957
120.305533,31.646839
120.265159,31.600928
120.353964,31.595164
120.296268,31.580715
120.284355,31.63852
120.318459,31.537134
120.287639,31.636765
120.357582,31.569006
120.306581,31.600682
120.368944,31.577904
120.350585,31.571752
120.244055,31.897226
120.250708,31.599829
120.285136,31.627241
120.298511,31.59073
120.284355,31.63852
120.265006,31.593141
120.335795,31.601795
120.244055,31.897226
120.327998,31.661281
120.321788,31.660522
120.106394,31.423292
120.284455,31.622496
120.327998,31.661281
120.310875,31.663873
120.305533,31.646839
120.30175,31.641986
120.301471,31.555341
120.312745,31.544215
120.29855,31.603137
120.408153,31.582075
120.29855,31.603137
120.294576,31.617079
120.299573,31.598418
120.358052,31.563724
120.345064,31.554592
120.33215,31.534208
120.287473,31.574975
120.343591,31.599075
120.29989,31.632434
120.452335,31.548511
120.298511,31.59073
120.265912,31.540021
120.296418,31.580485
120.301471,31.555341
120.258597,31.558491
120.313228,31.643299
120.260572,31.534248
120.328605,31.570755
120.259505,31.599521
120.342249,31.605953
120.33206,31.594888
120.20267,31.540704
120.283694,31.60101
120.290521,31.576771
120.311465,31.595578
120.358052,31.563724
120.272558,31.52723
120.321853,31.662326
120.317426,31.66069
120.318306,31.56302
120.301471,31.555341
120.2539,31.55517
120.301184,31.55887
120.201006,31.548498
120.318306,31.56302
120.295205,31.632425
120.260926,31.549293
120.336914,31.559859
120.30476,31.540131
120.318459,31.537134
120.284452,31.645038
120.379047,31.558322
120.265151,31.56673
120.268674,31.587671
120.269165,31.567145
120.298511,31.59073
120.321555,31.561485
120.310875,31.663873
120.256796,31.56971
120.267524,31.525303
120.264664,31.556952
120.2539,31.55517
120.283228,31.556916
120.258597,31.558491
120.267524,31.525303
120.332544,31.579892
120.368944,31.577904
120.20267,31.540704
120.381138,31.571039
120.267145,31.538502
120.283228,31.556916
120.2539,31.55517
120.317426,31.66069
120.353761,31.566919
120.337883,31.60508
120.329949,31.5702
120.277249,31.606742
120.278914,31.623018
120.2985,31.681012
120.325303,31.576569
120.264668,31.590994
120.318306,31.56302
120.284452,31.645038
120.2539,31.55517
120.292749,31.552165
120.310389,31.571435
120.264664,31.556952
120.274398,31.562729
120.453557,31.582634
120.244055,31.897226
120.273174,31.570663
120.346859,31.590543
120.252567,31.60652
120.288588,31.594215
120.342321,31.559428
120.368944,31.577904
120.265151,31.56673
120.282662,31.604957
120.288153,31.522429
120.258232,31.563413
120.397189,31.581148
120.260926,31.549293
120.301471,31.555341
120.310875,31.663873
120.305801,31.63561
120.304739,31.595312
120.39402,31.586296
120.470877,31.595903
120.244055,31.897226
120.30476,31.540131
120.313228,31.643299
120.301742,31.593207
120.274398,31.562729
120.269735,31.588614
120.262662,31.607504
120.278878,31.626889
120.288588,31.594215
120.357582,31.569006
120.302219,31.487676
120.326652,31.584204
120.386471,31.533483
120.378062,31.574235
120.427795,31.550759
120.22176,31.54744
120.329949,31.5702
120.282662,31.604957
120.301471,31.555341
120.342249,31.605953
120.265912,31.540021
120.307147,31.500461
120.324617,31.679572
120.327594,31.580501
120.260926,31.549293
120.31395,31.527625
120.305533,31.646839
120.27032,31.48933
120.299573,31.598418
120.464066,31.596358
120.273835,31.449407
120.317426,31.66069
120.475191,31.598893
120.263783,31.609255
120.31569,31.602252
120.364945,31.580448
120.265151,31.56673
120.283228,31.556916
120.351665,31.553527
120.357582,31.569006
120.313228,31.643299
120.378062,31.574235
120.305533,31.646839
120.338602,31.53201
120.284455,31.622496
120.329949,31.5702
120.322946,31.579489
120.431725,31.54555
120.310875,31.663873
120.317426,31.66069
120.318306,31.56302
120.335795,31.601795
120.284087,31.597541
120.305801,31.63561
120.300081,31.528793
120.312745,31.544215
120.239998,31.559859
120.342321,31.559428
120.317426,31.66069
120.288254,31.598678
120.244055,31.897226
120.297291,31.547311
120.268074,31.559894
120.27251,31.551685
120.283894,31.531079
120.339481,31.56631
120.305533,31.646839
120.304175,31.532219
120.106394,31.423292
120.365446,31.596535
120.318306,31.56302
120.335795,31.601795
120.326523,31.537965
120.293306,31.585726
120.305941,31.556829
120.339481,31.56631
120.327998,31.661281
120.288254,31.598678
120.317426,31.66069
120.259505,31.599521
120.295044,31.566323
120.460177,31.580555
120.338602,31.53201
120.420071,31.586896
120.338876,31.587957
120.260926,31.549293
120.305941,31.556829
120.344939,31.568196
120.353627,31.537752
120.300013,31.470062
120.304739,31.595312
120.288588,31.594215
120.307769,31.574937
120.325666,31.581318
120.317426,31.66069
120.279693,31.6021
120.261236,31.545241
120.24747,31.563563
120.265006,31.593141
120.329949,31.5702
120.294668,31.60249
120.295548,31.584529
120.296268,31.580715
120.343186,31.562575
120.248855,31.554468
120.309498,31.640778
120.301471,31.555341
120.252106,31.611818
120.30658,31.535357
120.23539,31.554266
120.365446,31.596535
120.300459,31.572524
120.302779,31.5772
120.311465,31.595578
120.318459,31.537134
120.357944,31.567579
120.200636,31.543515
120.30476,31.540131
120.352778,31.550957
120.188614,31.710925
120.297588,31.588585
120.312745,31.544215
120.358052,31.563724
120.368944,31.577904
120.264668,31.590994
120.346114,31.559726
120.292249,31.573873
120.358052,31.563724
120.2985,31.681012
120.267705,31.597546
120.343591,31.599075
120.301471,31.555341
120.357582,31.569006
120.327633,31.470213
120.267524,31.525303
120.325303,31.576569
120.475191,31.598893
120.286633,31.581092
120.266219,31.552837
120.313228,31.643299
120.326189,31.483967
120.239998,31.559859
120.357582,31.569006
120.311229,31.566049
120.218503,31.603329
120.285136,31.627241
120.242433,31.609716
120.307308,31.569517
120.27723,31.601978
120.336914,31.559859
120.197801,31.633437
120.301471,31.555341
120.284087,31.597541
120.286373,31.557253
120.26901,31.590901
120.448831,31.593003
120.368944,31.577904
120.313228,31.643299
120.284355,31.63852
120.267705,31.597546
120.265151,31.56673
120.302988,31.526088
120.30871,31.58002
120.33206,31.594888
120.318306,31.56302
120.294576,31.617079
120.238166,31.602133
120.318306,31.56302
120.20267,31.540704
120.322946,31.579489
120.274398,31.562729
120.317426,31.66069
120.342321,31.559428
120.22176,31.54744
120.299808,31.603107
120.244055,31.897226
120.329949,31.5702
120.291688,31.601886
120.259233,31.562537
120.35391,31.620548
120.285136,31.627241
120.27175,31.470483
120.352778,31.550957
120.275797,31.543134
120.287162,31.571014
120.295714,31.578796
120.335795,31.601795
120.266468,31.548415
120.350186,31.5511
120.279222,31.633345
120.321788,31.660522
120.284355,31.63852
120.261458,31.561273
120.284452,31.645038
120.326025,31.491048
120.431201,31.541846
120.244055,31.897226
120.22176,31.54744
120.252106,31.611818
120.350186,31.5511
120.310943,31.601725
120.282662,31.604957
120.364354,31.588608
120.200173,31.546742
120.250708,31.599829
120.299808,31.603107
120.307308,31.569517
120.292249,31.573873
120.332356,31.49356
120.329949,31.5702
120.265151,31.56673
120.244055,31.897226
120.301471,31.555341
120.282662,31.604957
120.318306,31.56302
120.267492,31.571874
120.306356,31.566203
120.475191,31.598893
120.304921,31.580311
120.267705,31.597546
120.252764,31.596531
120.301471,31.555341
120.296598,31.58715
120.29855,31.603137
120.286373,31.557253
120.363648,31.560161
120.278878,31.626889
120.269165,31.567145
120.358052,31.563724
120.294576,31.617079
120.274398,31.562729
120.342249,31.605953
120.276733,31.681188
120.293104,31.537464
120.252567,31.60652
120.261236,31.545241
120.288994,31.544772
120.317426,31.66069
120.358052,31.563724
120.306885,31.570953
120.272169,31.532263
120.367661,31.559785
120.310389,31.571435
120.301471,31.555341
120.285136,31.627241
120.304249,31.502705
120.311917,31.555365
120.312745,31.544215
120.24747,31.563563
120.298584,31.589364
120.340177,31.595122
120.311465,31.595578
120.266219,31.552837
120.318692,31.560009
120.258597,31.558491
120.284355,31.63852
120.303505,31.567024
120.297524,31.560212
120.31409,31.595496
120.444142,31.461567
120.266468,31.548415
120.293306,31.585726
120.327823,31.484103
120.312745,31.544215
120.244055,31.897226
120.26333,31.589546
120.35232,31.546852
120.244055,31.897226
120.295515,31.491848
120.277808,31.563339
120.312745,31.544215
120.24747,31.563563
120.264668,31.590994
120.35232,31.546852
120.345048,31.602038
120.307041,31.563368
120.386231,31.526156
120.284087,31.597541
120.304619,31.528016
120.335795,31.601795
120.287162,31.571014
120.294668,31.60249
120.338545,31.59762
120.298511,31.59073
120.277249,31.606742
120.265006,31.593141
120.323869,31.595702
120.288254,31.598678
120.295929,31.579917
120.305801,31.63561
120.27032,31.48933
120.285136,31.627241
120.310943,31.601725
120.24747,31.563563
120.342321,31.559428
120.338051,31.564972
120.258597,31.558491
120.268151,31.603482
120.367661,31.559785
120.317426,31.66069
120.261158,31.564812
120.254062,31.550774
120.252106,31.611818
120.318459,31.537134
120.313228,31.643299
120.358052,31.563724
120.317426,31.66069
120.284355,31.63852
120.29989,31.632434
120.279427,31.535794
120.321853,31.662326
120.333064,31.58244
120.274398,31.562729
120.334924,31.566206
120.317426,31.66069
120.325303,31.576569
120.284455,31.622496
120.280956,31.637807
120.317074,31.546855
120.357944,31.567579
120.332356,31.49356
120.259505,31.599521
120.26901,31.590901
120.365446,31.596535
120.297845,31.495419
120.328245,31.552387
120.301742,31.593207
120.252771,31.55996
120.338876,31.587957
120.343591,31.599075
120.295044,31.566323
120.252106,31.611818
120.261236,31.545241
120.249473,31.554468
120.24747,31.563563
120.27175,31.470483
120.274398,31.562729
120.365446,31.596535
120.353749,31.617026
120.301471,31.555341
120.272558,31.52723
120.305965,31.643491
120.290315,31.604389
120.305099,31.489129
120.332544,31.579892
120.315432,31.571543
120.253601,31.535969
120.305533,31.646839
120.238067,31.551539
120.305533,31.646839
120.39536,31.501611
120.272169,31.532263
120.324617,31.679572
120.318306,31.56302
120.282662,31.604957
120.332544,31.579892
120.189493,31.62397
120.284355,31.63852
120.356961,31.578545
120.359421,31.584003
120.378194,31.544723
120.318306,31.56302
120.34326,31.580125
120.291278,31.581619
120.298511,31.59073
120.30594,31.559004
120.281121,31.524993
120.254062,31.550774
120.300618,31.585431
120.317426,31.66069
120.460177,31.580555
120.310875,31.663873
120.279693,31.6021
120.291278,31.581619
120.261236,31.545241
120.307524,31.575252
120.311636,31.529379
120.303348,31.561367
120.311465,31.595578
120.2985,31.681012
120.299528,31.508059
120.284791,31.570637
120.344572,31.532643
120.245933,31.610226
120.296959,31.581173
120.284455,31.622496
120.30658,31.535357
120.297588,31.588585
120.296384,31.601858
120.294457,31.602867
120.238067,31.551539
120.343591,31.599075
120.382866,31.490166
120.364945,31.580448
120.258597,31.558491
120.26901,31.590901
120.306625,31.510293
120.274398,31.562729
120.327633,31.470213
120.244055,31.897226
120.344572,31.532643
120.35232,31.546852
120.27723,31.601978
120.263783,31.609255
120.338876,31.587957
120.317426,31.66069
120.35232,31.546852
120.318306,31.56302
120.277249,31.606742
120.301662,31.600385
120.292008,31.491113
120.272558,31.52723
120.24747,31.563563
120.283228,31.556916
120.336914,31.559859
120.277249,31.606742
120.321788,31.660522
120.297588,31.588585
120.31569,31.602252
120.268074,31.559894
120.317426,31.66069
120.278878,31.626889
120.292749,31.552165
120.301471,31.555341
120.350186,31.5511
120.260985,31.468588
120.280956,31.637807
120.367801,31.568894
120.29855,31.603137
120.245933,31.610226
120.268151,31.603482
120.30594,31.559004
120.297652,31.595203
120.251402,31.557624
120.289034,31.607698
120.359421,31.584003
120.343591,31.599075
120.261236,31.545241
120.34326,31.580125
120.270009,31.594067
120.323869,31.595702
120.303825,31.572833
120.367661,31.559785
120.323869,31.595702
120.299006,31.635379
120.278878,31.626889
120.332544,31.579892
120.260572,31.534248
120.359421,31.584003
120.35829,31.595546
120.299573,31.598418
120.328605,31.570755
120.371634,31.565502
120.264668,31.590994
120.461571,31.590687
120.266468,31.548415
120.30163,31.58806
120.283228,31.556916
120.357582,31.569006
120.317426,31.66069
120.260926,31.549293
120.26333,31.589546
120.124604,31.486841
120.294737,31.591115
120.431201,31.541846
120.367661,31.559785
120.327675,31.587713
120.347306,31.583221
120.284155,31.592656
120.311204,31.55731
120.261158,31.564812
120.294576,31.617079
120.259233,31.562537
120.260926,31.549293
120.318459,31.537134
120.333154,31.539458
120.319786,31.58148
120.332544,31.579892
120.301949,31.572622
120.284455,31.622496
120.326652,31.584204
120.299894,31.544806
120.27175,31.470483
120.317426,31.66069
120.324806,31.593626
120.39402,31.586296
120.290399,31.674781
120.368944,31.577904
120.286304,31.598961
120.286304,31.598961
120.252567,31.60652
120.448081,31.597984
120.291278,31.581619
120.288588,31.594215
120.33215,31.534208
120.312745,31.544215
120.306356,31.566203
120.296421,31.5593
120.378062,31.574235
120.254062,31.550774
120.301471,31.555341
120.294576,31.617079
120.327078,31.589942
120.285136,31.627241
120.364789,31.571598
120.362599,31.588936
120.30658,31.535357
120.358452,31.548838
120.294953,31.573676
120.294737,31.591115
120.319821,31.544364
120.20267,31.540704
120.329949,31.5702
120.294373,31.583067
120.264664,31.556952
120.297588,31.588585
120.359421,31.584003
120.292749,31.552165
120.262662,31.607504
120.238067,31.551539
120.252764,31.596531
120.342249,31.605953
120.261458,31.561273
120.319821,31.544364
120.284355,31.63852
120.288254,31.598678
120.369534,31.593585
120.337883,31.60508
120.341672,31.591596
120.301742,31.593207
120.431201,31.541846
120.29855,31.603137
120.359421,31.584003
120.283228,31.556916
120.264664,31.556952
120.244055,31.897226
120.300618,31.585431
120.325303,31.576569
120.347306,31.583221
120.252106,31.611818
120.2539,31.55517
120.259505,31.599521
120.318306,31.56302
120.353749,31.617026
120.342249,31.605953
120.327998,31.661281
120.381101,31.549367
120.2539,31.55517
120.23414,31.558779
120.336393,31.571259
120.301471,31.555341
120.284708,31.602912
120.265151,31.56673
120.317426,31.66069
120.267705,31.597546
120.317426,31.66069
120.339512,31.58685
120.304539,31.577806
120.305965,31.643491
120.27251,31.551685
120.301415,31.692756
120.287639,31.636765
120.338602,31.53201
120.294576,31.617079
120.200636,31.543515
120.33206,31.594888
120.321853,31.662326
120.298638,31.62287
120.319786,31.58148
120.358052,31.563724
120.332356,31.49356
120.288254,31.598678
120.297652,31.595203
120.264668,31.590994
120.315432,31.571543
120.358052,31.563724
120.299573,31.598418
120.252106,31.611818
120.285136,31.627241
120.44264,31.543522
120.296421,31.5593
120.325303,31.576569
120.278878,31.626889
120.277249,31.606742
120.287621,31.577472
120.272558,31.52723
120.344572,31.532643
120.292249,31.573873
120.245845,31.553013
120.327998,31.661281
120.267524,31.525303
120.318459,31.537134
120.317426,31.66069
120.317426,31.66069
120.28519,31.686271
120.317426,31.66069
120.427795,31.550759
120.260926,31.549293
120.262363,31.565831
120.271465,31.56157
120.34326,31.580125
120.263783,31.609255
120.20267,31.540704
120.353749,31.617026
120.305099,31.489129
120.252567,31.60652
120.317426,31.66069
120.358052,31.563724
120.24747,31.563563
120.35232,31.546852
120.252771,31.55996
120.292606,31.55877
120.302988,31.526088
120.301471,31.555341
120.28926,31.581871
120.329949,31.5702
120.294668,31.60249
120.287162,31.571014
120.346385,31.548597
120.25723,31.567567
120.317426,31.66069
120.362761,31.58668
120.332544,31.579892
120.311465,31.595578
120.301471,31.555341
120.288254,31.598678
120.2539,31.55517
120.295205,31.632425
120.365446,31.596535
120.30594,31.559004
120.284355,31.63852
120.283228,31.556916
120.319994,31.572347
120.359421,31.584003
120.245845,31.553013
120.337883,31.60508
120.284155,31.592656
120.358052,31.563724
120.372118,31.546584
120.301502,31.566943
120.254044,31.548235
120.449331,31.55004
120.288254,31.598678
120.317426,31.66069
120.313205,31.53275
120.312418,31.678029
120.317426,31.66069
120.249437,31.603323
120.333154,31.539458
120.317426,31.66069
120.260926,31.549293
120.269923,31.532849
120.26333,31.589546
120.264664,31.556952
120.33215,31.534208
120.343591,31.599075
120.294737,31.591115
120.301719,31.568044
120.301641,31.579881
120.296959,31.581173
120.297003,31.579915
120.332544,31.579892
120.275485,31.433255
120.359421,31.584003
120.300474,31.525692
120.274398,31.562729
120.329949,31.5702
120.297588,31.588585
120.284355,31.63852
120.277249,31.606742
120.244055,31.897226
120.28212,31.60261
120.31014,31.548667
120.36348,31.580566
120.289055,31.525716
120.332215,31.56311
120.321788,31.660522
120.342321,31.559428
120.289508,31.569092
120.327078,31.589942
120.288254,31.598678
120.302988,31.526088
120.304539,31.577806
120.245845,31.553013
120.30476,31.540131
120.299894,31.544806
120.258597,31.558491
120.295776,31.549456
120.332544,31.579892
120.301471,31.555341
120.34984,31.58276
120.280081,31.502778
120.332544,31.579892
120.284355,31.63852
120.282662,31.604957
120.298643,31.629063
120.265151,31.56673
120.300399,31.571634
120.261313,31.560324
120.312745,31.544215
120.244055,31.897226
120.24747,31.563563
120.317426,31.66069
120.342321,31.559428
120.282662,31.604957
120.293104,31.537464
120.39402,31.586296
120.266661,31.497921
120.475191,31.598893
120.2539,31.55517
120.324806,31.593626
120.260926,31.549293
120.295205,31.632425
120.329949,31.5702
120.317426,31.66069
120.307035,31.573414
120.262662,31.607504
120.24747,31.563563
120.212774,31.547417
120.301575,31.562204
120.289055,31.525716
120.359521,31.618572
120.301471,31.555341
120.328605,31.570755
120.312745,31.544215
120.299573,31.598418
120.2985,31.681012
120.305099,31.489129
120.256796,31.56971
120.266332,31.53732
120.302779,31.5772
120.386471,31.533483
120.358052,31.563724
120.352778,31.550957
120.306581,31.600682
120.294634,31.491738
120.343186,31.562575
120.2985,31.681012
120.365446,31.596535
120.286633,31.581092
120.298131,31.569707
120.305801,31.63561
120.338602,31.53201
120.258597,31.558491
120.27251,31.551685
120.335795,31.601795
120.305801,31.63561
120.285326,31.540336
120.311465,31.595578
120.448831,31.593003
120.327075,31.542092
120.311465,31.595578
120.332544,31.579892
120.282482,31.598781
120.35232,31.546852
120.345064,31.554592
120.326585,31.551166
120.277808,31.563339
120.29338,31.548652
120.326585,31.551166
120.451537,31.55044
120.294576,31.617079
120.386471,31.533483
120.326585,31.551166
120.301742,31.593207
120.306679,31.598804
120.266219,31.552837
120.378062,31.574235
120.321788,31.660522
120.261458,31.561273
120.258597,31.558491
120.279222,31.633345
120.267705,31.597546
120.304313,31.478017
120.35829,31.595546
120.259505,31.599521
120.294576,31.617079
120.345064,31.554592
120.20267,31.540704
120.327998,31.661281
120.284355,31.63852
120.284155,31.592656
120.357858,31.589715
120.311395,31.530332
120.309498,31.640778
120.262363,31.565831
120.267145,31.538502
120.273808,31.586186
120.350186,31.5511
120.260985,31.468588
120.279222,31.633345
120.249437,31.603323
120.287162,31.571014
120.425064,31.549288
120.252567,31.60652
120.318306,31.56302
120.329949,31.5702
120.266332,31.53732
120.338051,31.564972
120.282662,31.604957
120.254062,31.550774
120.284452,31.645038
120.278878,31.626889
120.29338,31.548652
120.327594,31.580501
120.285136,31.627241
120.285136,31.627241
120.288254,31.598678
120.344572,31.532643
120.262662,31.607504
120.448081,31.597984
120.326585,31.551166
120.313287,31.591006
120.321788,31.660522
120.348942,31.55705
120.318306,31.56302
120.260985,31.468588
120.204521,31.610485
120.40519,31.568529
120.310204,31.557843
120.244055,31.897226
120.317426,31.66069
120.292336,31.67126
120.33215,31.534208
120.267705,31.597546
120.455002,31.584253
120.296598,31.58715
120.324617,31.679572
120.317426,31.66069
120.346385,31.548597
120.310389,31.571435
120.300266,31.487757
120.29855,31.603137
120.464066,31.596358
120.20267,31.540704
120.295776,31.549456
120.302988,31.526088
120.288494,31.550307
120.335314,31.573375
120.328056,31.568343
120.282662,31.604957
120.271465,31.56157
120.329949,31.5702
120.371634,31.565502
120.238067,31.551539
120.27175,31.470483
120.325666,31.581318
120.297588,31.588585
120.345064,31.554592
120.295044,31.566323
120.317426,31.66069
120.311395,31.530332
120.295044,31.566323
120.358052,31.563724
120.291756,31.541083
120.326585,31.551166
120.28926,31.581871
120.384627,31.571182
120.24747,31.563563
120.260926,31.549293
120.288494,31.550307
120.337664,31.570402
120.335323,31.56216
120.35232,31.546852
120.318459,31.537134
120.284452,31.645038
120.294457,31.602867
120.259505,31.599521
120.33215,31.534208
120.280081,31.502778
120.305941,31.556829
120.317426,31.66069
120.317426,31.66069
120.259505,31.599521
120.343186,31.562575
120.295205,31.632425
120.286373,31.557253
120.253601,31.535969
120.266468,31.548415
120.431201,31.541846
120.290315,31.604389
120.282662,31.604957
120.30476,31.540131
120.261458,31.561273
120.333154,31.539458
120.381101,31.549367
120.27175,31.470483
120.238067,31.551539
120.363648,31.560161
120.258597,31.558491
120.451537,31.55044
120.367503,31.565387
120.338051,31.564972
120.250708,31.599829
120.258597,31.558491
120.297588,31.588585
120.282662,31.604957
120.300459,31.572524
120.259505,31.599521
120.267705,31.597546
120.359521,31.618572
120.351665,31.553527
120.245845,31.553013
120.282662,31.604957
120.284455,31.622496
120.33206,31.594888
120.305295,31.591969
120.287473,31.574975
120.307875,31.575998
120.321788,31.660522
120.317074,31.546855
120.337664,31.570402
120.343591,31.599075
120.282662,31.604957
120.452335,31.548511
120.358052,31.563724
120.360841,31.564367
120.29855,31.603137
120.268151,31.603482
120.318459,31.537134
120.39402,31.586296
120.274398,31.562729
120.264664,31.556952
120.188614,31.710925
120.343591,31.599075
120.310875,31.663873
120.280809,31.535102
120.26901,31.590901
120.352778,31.550957
120.351665,31.553527
120.295044,31.566323
120.358052,31.563724
120.318306,31.56302
120.267705,31.597546
120.284355,31.63852
120.292249,31.573873
120.321853,31.662326
120.363648,31.560161
120.297291,31.547311
120.260572,31.534248
120.311917,31.555365
120.342187,31.551115
120.296421,31.5593
120.274398,31.562729
120.356849,31.571003
120.332356,31.49356
120.288308,31.547973
120.291278,31.581619
120.472583,31.599874
120.303318,31.688701
120.297298,31.584203
120.265151,31.56673
120.244263,31.563657
120.24747,31.563563
120.347306,31.583221
120.30457,31.4947
120.275485,31.433255
120.318306,31.56302
120.301471,31.555341
120.277249,31.606742
120.301471,31.555341
120.295205,31.632425
120.332544,31.579892
120.259505,31.599521
120.349197,31.573335
120.308825,31.570128
120.345064,31.554592
120.448467,31.595847
120.298511,31.59073
120.35391,31.620548
120.294737,31.591115
120.279419,31.591091
120.294594,31.599587
120.301174,31.575634
120.33206,31.594888
120.22176,31.54744
120.305533,31.646839
120.284001,31.49665
120.310875,31.663873
120.200636,31.543515
120.281121,31.524993
120.274398,31.562729
120.282662,31.604957
120.324617,31.679572
120.278878,31.626889
120.264668,31.590994
120.305295,31.591969
120.305801,31.63561
120.352778,31.550957
120.324617,31.679572
120.261158,31.564812
120.305965,31.643491
120.286373,31.557253
120.283228,31.556916
120.311465,31.595578
120.472583,31.599874
120.296139,31.538222
120.218318,31.594621
120.305163,31.567959
120.254062,31.550774
120.405594,31.577765
120.384627,31.571182
120.38853,31.53473
120.304619,31.528016
120.311917,31.555365
120.337233,31.577709
120.310072,31.645957
120.309498,31.640778
120.315432,31.571543
120.318306,31.56302
120.268648,31.55841
120.244055,31.897226
120.276733,31.681188
120.33206,31.594888
120.295044,31.566323
120.297291,31.547311
120.312745,31.544215
120.472583,31.599874
120.317426,31.66069
120.293306,31.585726
120.397189,31.581148
120.279222,31.633345
120.299573,31.598418
120.338051,31.564972
120.350186,31.5511
120.299573,31.598418
120.292249,31.573873
120.197801,31.633437
120.312745,31.544215
120.200173,31.546742
120.301837,31.569272
120.318306,31.56302
120.301471,31.555341
120.324387,31.583608
120.260926,31.549293
120.27274,31.5691
120.282968,31.480268
120.340177,31.595122
120.317426,31.66069
120.294668,31.60249
120.328245,31.552387
120.326025,31.491048
120.364945,31.580448
120.306581,31.600682
120.295929,31.579917
120.317074,31.546855
120.27723,31.601978
120.264668,31.590994
120.284355,31.63852
120.271465,31.56157
120.294457,31.602867
120.349197,31.573335
120.266332,31.53732
120.252764,31.596531
120.33206,31.594888
120.339481,31.56631
120.289055,31.525716
120.405594,31.577765
120.22176,31.54744
120.356849,31.571003
120.29855,31.603137
120.344939,31.568196
120.261158,31.564812
120.290315,31.604389
120.312745,31.544215
120.337883,31.60508
120.284455,31.622496
120.253601,31.535969
120.260926,31.549293
120.326052,31.48918
120.288254,31.598678
120.259505,31.599521
120.258597,31.558491
120.267524,31.525303
120.297588,31.588585
120.352778,31.550957
120.288554,31.591016
120.301471,31.555341
120.286373,31.557253
120.244055,31.897226
120.294594,31.599587
120.291688,31.601886
120.305801,31.63561
120.262363,31.565831
120.298331,31.572021
120.352778,31.550957
120.317426,31.66069
120.298142,31.57053
120.335314,31.573375
120.200636,31.543515
120.282662,31.604957
120.245933,31.610226
120.301471,31.555341
120.200636,31.543515
120.256796,31.56971
120.284355,31.63852
120.335795,31.601795
120.311465,31.595578
120.317074,31.546855
120.30476,31.540131
120.27175,31.470483
120.197403,31.54795
120.305533,31.646839
120.318306,31.56302
120.295515,31.491848
120.315432,31.571543
120.29531,31.676432
120.301662,31.600385
120.274398,31.562729
120.252106,31.611818
120.325303,31.576569
120.30658,31.535357
120.252254,31.601698
120.301771,31.603259
120.346385,31.548597
120.261458,31.561273
120.277808,31.563339
120.274398,31.562729
120.301471,31.555341
120.263783,31.609255
120.288588,31.594215
120.264664,31.556952
120.301471,31.555341
120.343591,31.599075
120.29855,31.603137
120.295044,31.566323
120.2985,31.681012
120.252254,31.601698
120.301471,31.555341
120.311465,31.595578
120.344572,31.532643
120.293884,31.534723
120.318252,31.574084
120.279427,31.535794
120.39402,31.586296
120.290315,31.604389
120.333289,31.56861
120.260926,31.549293
120.283228,31.556916
120.284155,31.592656
120.317426,31.66069
120.256796,31.56971
120.304539,31.577806
120.338876,31.587957
120.381101,31.549367
120.284355,31.63852
120.301471,31.555341
120.321853,31.662326
120.24747,31.563563
120.284355,31.63852
120.289034,31.607698
120.358052,31.563724
120.352778,31.550957
120.284455,31.622496
120.265151,31.56673
120.282662,31.604957
120.294953,31.573676
120.278878,31.626889
120.305801,31.63561
120.280906,31.597298
120.381101,31.549367
120.318479,31.582918
120.313205,31.53275
120.288308,31.547973
120.264664,31.556952
120.295044,31.566323
120.318459,31.537134
120.284708,31.602912
120.286373,31.557253
120.346859,31.590543
120.260926,31.549293
120.245575,31.542892
120.305801,31.63561
120.367661,31.559785
120.296959,31.581173
120.27175,31.470483
120.371634,31.565502
120.295151,31.571831
120.317426,31.66069
120.253601,31.535969
120.318306,31.56302
120.341093,31.564266
120.345064,31.554592
120.337664,31.570402
120.312519,31.520367
120.351665,31.553527
120.311715,31.577565
120.26904,31.557012
120.332544,31.579892
120.294576,31.617079
120.347306,31.583221
120.294457,31.602867
120.294634,31.491738
120.336914,31.559859
120.283228,31.556916
120.20267,31.540704
120.317426,31.66069
120.265006,31.593141
120.249473,31.554468
120.327594,31.580501
120.344572,31.532643
120.297652,31.595203
120.345064,31.554592
120.284355,31.63852
120.308347,31.555925
120.266332,31.53732
120.259233,31.562537
120.336393,31.571259
120.301742,31.593207
120.369508,31.587532
120.260985,31.468588
120.460177,31.580555
120.336914,31.559859
120.266332,31.53732
120.358052,31.563724
120.305801,31.63561
120.301742,31.593207
120.293306,31.585726
120.249473,31.554468
120.318306,31.56302
120.288588,31.594215
120.340177,31.595122
120.24747,31.563563
120.238067,31.551539
120.345064,31.554592
120.27175,31.470483
120.283228,31.556916
120.357582,31.569006
120.325303,31.576569
120.300618,31.585431
120.301471,31.555341
120.338876,31.587957
120.29989,31.632434
120.338876,31.587957
120.344939,31.568196
120.317426,31.66069
120.26904,31.557012
120.297003,31.579915
120.38853,31.53473
120.305801,31.63561
120.341093,31.564266
120.287621,31.577472
120.277526,31.548385
120.266219,31.552837
120.360911,31.580792
120.30658,31.535357
120.365446,31.596535
120.325303,31.576569
120.317426,31.66069
120.341765,31.564249
120.326585,31.551166
120.238067,31.551539
120.317426,31.66069
120.301471,31.555341
120.288153,31.522429
120.289034,31.607698
120.327078,31.589942
120.317426,31.66069
120.294576,31.617079
120.2985,31.681012
120.305533,31.646839
120.252771,31.55996
120.266219,31.552837
120.29338,31.548652
120.317426,31.66069
120.188614,31.710925
120.233095,31.60086
120.266219,31.552837
120.284455,31.622496
120.278878,31.626889
120.296591,31.575719
120.312745,31.544215
120.344526,31.577603
120.335323,31.56216
120.265151,31.56673
120.295515,31.491848
120.335795,31.601795
120.277526,31.548385
120.284155,31.592656
120.264668,31.590994
120.285136,31.627241
120.323869,31.595702
120.294576,31.617079
120.291756,31.541083
120.352778,31.550957
120.286633,31.581092
120.321788,31.660522
120.291278,31.581619
120.311749,31.571276
120.305099,31.489129
120.26333,31.589546
120.310389,31.571435
120.337664,31.570402
120.2539,31.55517
120.328605,31.570755
120.252106,31.611818
120.282662,31.604957
120.312745,31.544215
120.281121,31.524993
120.30658,31.535357
120.355969,31.620936
120.306581,31.600682
120.29855,31.603137
120.184977,31.600591
120.285136,31.627241
120.336914,31.559859
120.448831,31.593003
120.350757,31.559605
120.294668,31.60249
120.238067,31.551539
120.2985,31.681012
120.329949,31.5702
120.286616,31.565903
120.326585,31.551166
120.358052,31.563724
120.347306,31.583221
120.312745,31.544215
120.315186,31.54998
120.281735,31.487489
120.318496,31.55065
120.323869,31.595702
120.311749,31.571276
120.286373,31.557253
120.305801,31.63561
120.397189,31.581148
120.369508,31.587532
120.266468,31.548415
120.304739,31.595312
120.286633,31.581092
120.301471,31.555341
120.306885,31.570953
120.294594,31.599587
120.284452,31.645038
120.292008,31.491113
120.303505,31.567024
120.338545,31.59762
120.381101,31.549367
120.30476,31.540131
120.362761,31.58668
120.305099,31.489129
120.300459,31.572524
120.285898,31.606253
120.22176,31.54744
120.336914,31.559859
120.332544,31.579892
120.295044,31.566323
120.306507,31.579463
120.365446,31.596535
120.278878,31.626889
120.254062,31.550774
120.260572,31.534248
120.358052,31.563724
120.321555,31.561485
120.308172,31.556723
120.284001,31.49665
120.260926,31.549293
120.292606,31.55877
120.305965,31.643491
120.277526,31.548385
120.276083,31.551387
120.28926,31.581871
120.305965,31.643491
120.305801,31.63561
120.338876,31.587957
120.344182,31.56444
120.24747,31.563563
120.279427,31.535794
120.273583,31.55522
120.367661,31.559785
120.335795,31.601795
120.294457,31.602867
120.301742,31.593207
120.312745,31.544215
120.312745,31.544215
120.325666,31.581318
120.301471,31.555341
120.292082,31.545258
120.431201,31.541846
120.200636,31.543515
120.318459,31.537134
120.297668,31.586684
120.326585,31.551166
120.345064,31.554592
120.312745,31.544215
120.365446,31.596535
120.302988,31.526088
120.238067,31.551539
120.341672,31.591596
120.306163,31.520933
120.260901,31.597419
120.295548,31.584529
120.304313,31.478017
120.293547,31.588195
120.318306,31.56302
120.244055,31.897226
120.260901,31.597419
120.347306,31.583221
120.296199,31.5435
120.264668,31.590994
120.294953,31.573676
120.269849,31.534202
120.260985,31.468588
120.333154,31.539458
120.321853,31.662326
120.2985,31.681012
120.30476,31.540131
120.30476,31.540131
120.324617,31.679572
120.274398,31.562729
120.337883,31.60508
120.272169,31.532263
120.245845,31.553013
120.27723,31.601978
120.260901,31.597419
120.30476,31.540131
120.275797,31.543134
120.311715,31.577565
120.249473,31.554468
120.287473,31.574975
120.260985,31.468588
120.305801,31.63561
120.249473,31.554468
120.295548,31.584529
120.397189,31.581148
120.299528,31.508059
120.300618,31.585431
120.283228,31.556916
120.263783,31.609255
120.327823,31.484103
120.274398,31.562729
120.318459,31.537134
120.305801,31.63561
120.27032,31.48933
120.311465,31.595578
120.334881,31.536254
120.40519,31.568529
120.273174,31.570663
120.218503,31.603329
120.302779,31.5772
120.252771,31.55996
120.238067,31.551539
120.350585,31.571752
120.296959,31.581173
120.321986,31.59992
120.338545,31.59762
120.317426,31.66069
120.408153,31.582075
120.252106,31.611818
120.321853,31.662326
120.361421,31.594967
120.342249,31.605953
120.273174,31.570663
120.344182,31.56444
120.317426,31.66069
120.33215,31.534208
120.338051,31.564972
120.335314,31.573375
120.278878,31.626889
120.317426,31.66069
120.295679,31.545718
120.284452,31.645038
120.338602,31.53201
120.339481,31.56631
120.286373,31.557253
120.350186,31.5511
120.338051,31.564972
120.308347,31.555925
120.326523,31.537965
120.301471,31.555341
120.317426,31.66069
120.315786,31.642236
120.267326,31.529392
120.200636,31.543515
120.293306,31.585726
120.284791,31.570637
120.33215,31.534208
120.288494,31.550307
120.31395,31.527625
120.472583,31.599874
120.261458,31.561273
120.302988,31.526088
120.35232,31.546852
120.305533,31.646839
120.305965,31.643491
120.369534,31.593585
120.319821,31.544364
120.265151,31.56673
120.332215,31.56311
120.297291,31.547311
120.310875,31.663873
120.296591,31.575719
120.312745,31.544215
120.302988,31.526088
120.272558,31.52723
120.318459,31.537134
120.297291,31.547311
120.342321,31.559428
120.35232,31.546852
120.244055,31.897226
120.460177,31.580555
120.280956,31.637807
120.252106,31.611818
120.351665,31.553527
120.312745,31.544215
120.311395,31.530332
120.321788,31.660522
120.340177,31.595122
120.284355,31.63852
120.284155,31.592656
120.311465,31.595578
120.244055,31.897226
120.317426,31.66069
120.288994,31.544772
120.29855,31.603137
120.256886,31.603994
120.344182,31.56444
120.294737,31.591115
120.278878,31.626889
120.305533,31.646839
120.352778,31.550957
120.301471,31.555341
120.338051,31.564972
120.260572,31.534248
120.23539,31.554266
120.272169,31.532263
120.301447,31.570149
120.317426,31.66069
120.282662,31.604957
120.282662,31.604957
120.305801,31.63561
120.378062,31.574235
120.260926,31.549293
120.26333,31.589546
120.350692,31.595368
120.272558,31.52723
120.296384,31.601858
120.286633,31.581092
120.358052,31.563724
120.347829,31.581869
120.295548,31.584529
120.277249,31.606742
120.261458,31.561273
120.284355,31.63852
120.284455,31.622496
120.312745,31.544215
120.321788,31.660522
120.288911,31.571934
120.303825,31.572833
120.292249,31.573873
120.301502,31.566943
120.312745,31.544215
120.28926,31.581871
120.333064,31.58244
120.300618,31.585431
120.311583,31.551896
120.352778,31.550957
120.260901,31.597419
120.297291,31.547311
120.317426,31.66069
120.336914,31.559859
120.297003,31.579915
120.381101,31.549367
120.22176,31.54744
120.337664,31.570402
120.30062,31.626267
120.249457,31.549734
120.31569,31.602252
120.299894,31.544806
120.362599,31.588936
120.244055,31.897226
120.262662,31.607504
120.323869,31.595702
120.29338,31.548652
120.295019,31.614408
120.284708,31.602912
120.298084,31.581353
120.311465,31.595578
120.259505,31.599521
120.29034,31.551101
120.294576,31.617079
120.270009,31.594067
120.357582,31.569006
120.27251,31.551685
120.259233,31.562537
120.277808,31.563339
120.301471,31.555341
120.312745,31.544215
120.37575,31.637846
120.305965,31.643491
120.321788,31.660522
120.306679,31.598804
120.260926,31.549293
120.288588,31.594215
120.295044,31.566323
120.307147,31.500461
120.372118,31.546584
120.266468,31.548415
120.359521,31.618572
120.284916,31.510812
120.237678,31.562282
120.264668,31.590994
120.28926,31.581871
120.338051,31.564972
120.270131,31.528405
120.285326,31.540336
120.35232,31.546852
120.318306,31.56302
120.216477,31.608862
120.2985,31.681012
120.254062,31.550774
120.325666,31.581318
120.284155,31.592656
120.307957,31.52836
120.279427,31.535794
120.285898,31.606253
